Type,Name,Request Count,Failure Count,Median Response Time,Average Response Time,Min Response Time,Max Response Time,Average Content Size,Requests/s,Failures/s,50%,66%,75%,80%,90%,95%,98%,99%,99.9%,99.99%,100%
GET,/[short_code],56546,0,520.0,505.79831940006176,0.9774169884622097,2909.813125967048,233.0,951.4680060346305,0.0,520,600,650,680,770,880,1100,1200,1900,2500,2900
POST,/api/urls,17804,0,360.0,373.4087048190376,2.423291967716068,2300.0607099966146,117.0,299.5779786269685,0.0,360,450,490,520,620,720,910,1100,1900,2300,2300
GET,/api/urls/[short_code],11493,0,370.0,369.2137424569884,4.8433750052936375,2304.9602509709075,132.06064561037152,193.3863013008172,0.0,370,450,490,520,610,700,860,990,1600,2000,2300
GET,/health,5767,0,310.0,314.28787130642036,0.7734590326435864,859.6535419928841,26.0,97.03809271746391,0.0,310,390,440,470,530,580,640,680,800,860,860
,Aggregated,91610,0,450.0,450.8777649304242,0.7734590326435864,2909.813125967048,184.76149983626243,1541.47037867988,0.0,450,540,590,630,730,830,980,1200,1900,2500,2900
