Type,Name,Request Count,Failure Count,Median Response Time,Average Response Time,Min Response Time,Max Response Time,Average Content Size,Requests/s,Failures/s,50%,66%,75%,80%,90%,95%,98%,99%,99.9%,99.99%,100%
GET,/[short_code],51991,0,270.0,292.01597442921764,0.931709015276283,1353.9788339985535,233.0,872.770353092677,0.0,270,330,360,390,480,550,650,730,920,1100,1400
POST,/api/urls,16304,0,200.0,200.52600415431922,2.3085420252755284,916.2455420009792,117.0,273.69444397728466,0.0,200,220,250,260,310,370,480,530,890,910,920
GET,/api/urls/[short_code],10411,0,200.0,200.07801268603504,3.5847080289386213,837.9134170245379,132.06156949380463,174.7689435873105,0.0,200,220,250,260,310,370,470,520,690,840,840
GET,/health,5144,0,190.0,187.8886024096856,0.6894579855725169,838.2228749687783,26.0,86.35207432649364,0.0,190,210,230,250,290,340,420,480,550,840,840
,Aggregated,83850,0,230.0,256.42325174896916,0.6894579855725169,1353.9788339985535,185.2129755515802,1407.5858149837659,0.0,230,280,320,350,430,510,610,680,910,1100,1400
