Type,Name,Request Count,Failure Count,Median Response Time,Average Response Time,Min Response Time,Max Response Time,Average Content Size,Requests/s,Failures/s,50%,66%,75%,80%,90%,95%,98%,99%,99.9%,99.99%,100%
GET,/[short_code],2130,0,10,13.61983289031865,2.162291028071195,48.60387500957586,233.0,227.47814029712285,0.0,10,17,22,25,30,33,38,40,46,49,49
POST,/api/urls,693,2,11,13.652889261300734,2.05370900221169,49.96141599258408,117.94083694083695,74.01049353328926,0.21359449793157073,11,17,21,24,29,32,35,39,50,50,50
GET,/api/urls/[short_code],441,0,11,13.49327890256519,1.8862499855458736,45.37187499227002,132.06575963718822,47.09758679391135,0.0,11,18,21,23,28,31,34,36,45,45,45
GET,/health,221,0,11,13.111871476912011,1.1169999779667705,39.92391601786949,26.0,23.602192021438565,0.0,11,17,21,26,29,33,36,39,40,40,40
,Aggregated,3485,2,11,13.578179600255075,1.1169999779667705,49.96141599258408,184.2209469153515,372.188412645762,0.21359449793157073,11,17,21,24,29,32,36,39,46,50,50
