Type,Name,Request Count,Failure Count,Median Response Time,Average Response Time,Min Response Time,Max Response Time,Average Content Size,Requests/s,Failures/s,50%,66%,75%,80%,90%,95%,98%,99%,99.9%,99.99%,100%
GET,/[short_code],216,0,11,10.063979186034649,3.16737501998432,18.05195797351189,233.0,14.000691002052653,0.0,11,11,12,12,13,14,15,16,18,18,18
POST,/api/urls,79,0,9,9.42107597572281,3.222084022127092,21.77337498869747,117.0,5.1206230979729614,0.0,9,11,11,11,13,14,16,22,22,22,22
GET,/api/urls/[short_code],45,0,9,8.55546297906484,3.6339579964987934,17.457415990065783,132.04444444444445,2.9168106254276362,0.0,9,9,10,10,11,11,17,17,17,17,17
GET,/health,24,0,5,5.221710085606901,2.290000003995374,8.586084004491568,26.0,1.555632333561406,0.0,5,6,7,7,7,8,9,9,9,9,9
,Aggregated,364,0,10,9.41868511642327,2.290000003995374,21.77337498869747,181.69505494505495,23.593757059014656,0.0,10,11,11,12,13,14,15,16,22,22,22
