Type,Name,Request Count,Failure Count,Median Response Time,Average Response Time,Min Response Time,Max Response Time,Average Content Size,Requests/s,Failures/s,50%,66%,75%,80%,90%,95%,98%,99%,99.9%,99.99%,100%
GET,/[short_code],2259,0,27,32.15969435593085,2.241084002889693,92.33020799001679,233.0,240.7418105914851,0.0,27,42,58,61,66,73,78,79,89,92,92
POST,/api/urls,888,4,34,33.56919938973455,1.9680419936776161,91.35716600576416,118.46846846846847,94.63423098948152,0.4262803197724393,34,42,55,60,65,70,77,79,91,91,91
GET,/api/urls/[short_code],447,0,23,31.454070030437613,1.9868750241585076,89.31454198318534,132.05145413870247,47.636825734570095,0.0,23,40,57,61,65,69,77,81,89,89,89
GET,/health,245,0,27,30.376671095692306,1.1453749903012067,87.32120800414123,26.0,26.10966958606191,0.0,27,40,51,60,64,66,74,77,87,87,87
,Aggregated,3839,4,30,32.289776590305365,1.1453749903012067,92.33020799001679,181.543110184944,409.1225369015986,0.4262803197724393,30,41,57,61,65,72,78,79,89,92,92
