Type,Name,Request Count,Failure Count,Median Response Time,Average Response Time,Min Response Time,Max Response Time,Average Content Size,Requests/s,Failures/s,50%,66%,75%,80%,90%,95%,98%,99%,99.9%,99.99%,100%
GET,/[short_code],1043,0,4,4.485052483988308,2.177417016355321,20.063832984305918,233.0,212.73182084377035,0.0,4,5,5,6,7,9,12,16,20,20,20
POST,/api/urls,358,1,4,4.5780548287683045,1.9796669948846102,22.089249978307635,117.91061452513966,73.01820888022031,0.20396147731905118,4,4,5,5,8,11,18,19,22,22,22
GET,/api/urls/[short_code],224,0,3,4.052578697025767,1.7162919975817204,16.255666996585205,132.03125,45.68737091946746,0.0,3,4,5,5,7,9,9,11,16,16,16
GET,/health,114,0,2,3.084480981781605,1.1613339884206653,10.065750015201047,26.0,23.251608414371834,0.0,2,3,4,4,6,7,8,9,10,10,10
,Aggregated,1739,1,4,4.356677302792256,1.1613339884206653,22.089249978307635,182.73145485911442,354.68900905783,0.20396147731905118,4,4,5,5,7,9,12,17,21,22,22
