Type,Name,Request Count,Failure Count,Median Response Time,Average Response Time,Min Response Time,Max Response Time,Average Content Size,Requests/s,Failures/s,50%,66%,75%,80%,90%,95%,98%,99%,99.9%,99.99%,100%
GET,/[short_code],2155,0,6,8.029953207363636,2.2667080047540367,40.972374961711466,233.0,230.87504815151686,0.0,6,8,10,11,16,21,27,32,37,41,41
POST,/api/urls,729,0,7,9.55872902806672,2.222707960754633,39.1440000385046,117.0,78.10111837700966,0.0,7,9,12,15,20,27,34,36,39,39,39
GET,/api/urls/[short_code],405,0,5,7.062500803213981,2.0754580036737025,39.216917008161545,132.06913580246913,43.38951020944981,0.0,5,7,8,10,15,20,23,30,39,39,39
GET,/health,213,0,4,5.957688755320796,1.1827090056613088,32.137874979525805,26.0,22.819668332377304,0.0,4,6,7,9,15,19,23,31,32,32,32
,Aggregated,3502,0,6,8.110269318536341,1.1827090056613088,40.972374961711466,184.58994860079954,375.18534507035366,0.0,6,8,10,11,17,22,29,33,39,41,41
