Type,Name,Request Count,Failure Count,Median Response Time,Average Response Time,Min Response Time,Max Response Time,Average Content Size,Requests/s,Failures/s,50%,66%,75%,80%,90%,95%,98%,99%,99.9%,99.99%,100%
GET,/[short_code],707,0,11,10.551196259800134,3.2845419482327998,35.32608301611617,233.0,14.26894565440018,0.0,11,12,13,13,14,15,16,18,35,35,35
POST,/api/urls,223,0,10,10.230724593298719,3.5715000121854246,35.60583299258724,117.0,4.500671684485488,0.0,10,12,13,13,14,14,16,16,36,36,36
GET,/api/urls/[short_code],140,0,8,7.908243166249512,2.7896249666810036,12.999458005651832,132.0857142857143,2.8255337929505306,0.0,8,9,10,10,11,11,12,12,13,13,13
GET,/health,74,0,6,5.455374978073697,2.0340000046417117,8.217790978960693,26.0,1.4934964334167091,0.0,6,6,6,7,7,8,8,8,8,8,8
,Aggregated,1144,0,10,9.835663576605501,2.0340000046417117,35.60583299258724,184.6486013986014,23.08864756525291,0.0,10,11,12,13,14,14,15,16,35,36,36
