Type,Name,Request Count,Failure Count,Median Response Time,Average Response Time,Min Response Time,Max Response Time,Average Content Size,Requests/s,Failures/s,50%,66%,75%,80%,90%,95%,98%,99%,99.9%,99.99%,100%
GET,/[short_code],2267,0,16,19.69970712722922,2.2955830208957195,66.24354200903326,233.0,243.79953044072712,0.0,16,25,30,33,40,46,53,56,65,66,66
POST,/api/urls,859,0,21,23.21828297329622,2.437166986055672,87.12479198584333,117.0,92.37926627639374,0.0,21,28,33,37,47,56,70,75,87,87,87
GET,/api/urls/[short_code],460,0,14,17.69384440545843,2.005250018555671,66.55162503011525,132.0326086956522,49.469688576415734,0.0,14,24,27,30,38,42,50,55,67,67,67
GET,/health,224,0,10,14.634989407568355,1.2605829979293048,53.99104201933369,26.0,24.089587480689403,0.0,10,18,24,27,35,37,52,53,54,54,54
,Aggregated,3810,0,16,19.953057004014774,1.2605829979293048,87.12479198584333,182.48635170603674,409.738072774226,0.0,16,26,30,33,41,48,55,63,83,87,87
