Type,Name,Request Count,Failure Count,Median Response Time,Average Response Time,Min Response Time,Max Response Time,Average Content Size,Requests/s,Failures/s,50%,66%,75%,80%,90%,95%,98%,99%,99.9%,99.99%,100%
GET,/[short_code],1480,0,4,4.279617827568153,2.2212089970707893,18.700792046729475,233.0,250.68405466260225,0.0,4,4,5,5,6,8,10,13,16,19,19
POST,/api/urls,427,0,4,4.495209434115496,2.246333984658122,24.546709028072655,117.0,72.32573739252105,0.0,4,4,5,5,7,8,13,15,25,25,25
GET,/api/urls/[short_code],289,0,3,3.6067337047060546,1.8444579909555614,15.24841703940183,132.06920415224914,48.95114310641355,0.0,3,4,4,4,5,6,8,10,15,15,15
GET,/health,151,0,2,2.520677392657797,1.1788749834522605,9.362041018903255,26.0,25.57654882030604,0.0,2,3,3,3,4,5,7,9,9,9,9
,Aggregated,2347,0,4,4.122819403544764,1.1788749834522605,24.546709028072655,186.14955262036642,397.5374839818429,0.0,4,4,5,5,6,8,10,13,19,25,25
