Type,Name,Request Count,Failure Count,Median Response Time,Average Response Time,Min Response Time,Max Response Time,Average Content Size,Requests/s,Failures/s,50%,66%,75%,80%,90%,95%,98%,99%,99.9%,99.99%,100%
GET,/[short_code],2059,0,4,5.987404684149201,1.63462501950562,25.534667016472667,233.0,212.38913694194457,0.0,4,6,8,9,13,16,19,21,25,26,26
POST,/api/urls,758,0,6,8.197335974269702,2.5904999929480255,32.43854199536145,117.0,78.18891005439241,0.0,6,8,11,12,17,22,25,26,32,32,32
GET,/api/urls/[short_code],435,0,5,6.6346185119961785,1.8930420046672225,25.4662919905968,132.02068965517242,44.870944424354484,0.0,5,7,9,9,14,18,21,23,25,25,25
GET,/health,202,0,3,4.935237434969311,1.3983750250190496,23.613125027623028,26.0,20.836622468320932,0.0,4,5,6,7,10,14,18,19,24,24,24
,Aggregated,3454,0,5,6.492363615443479,1.3983750250190496,32.43854199536145,182.71974522292993,356.2856138890124,0.0,5,7,8,9,14,17,21,24,30,32,32
