Type,Name,Request Count,Failure Count,Median Response Time,Average Response Time,Min Response Time,Max Response Time,Average Content Size,Requests/s,Failures/s,50%,66%,75%,80%,90%,95%,98%,99%,99.9%,99.99%,100%
GET,/[short_code],194,0,9,8.64256492764305,2.676459029316902,18.08079204056412,233.0,14.924318747046458,0.0,9,10,11,11,12,13,16,17,18,18,18
POST,/api/urls,53,0,12,11.115703663683304,3.9130840450525284,23.561667010653764,117.0,4.07726233811063,0.0,12,13,14,14,15,17,17,24,24,24,24
GET,/api/urls/[short_code],43,0,10,9.33680041059635,3.550416964571923,14.442249957937747,132.02325581395348,3.30796755733504,0.0,10,11,12,12,12,13,14,14,14,14,14
GET,/health,16,0,7,6.209893246705178,3.514832991641015,8.20874999044463,26.0,1.230871649240945,0.0,7,7,7,7,8,8,8,8,8,8,8
,Aggregated,306,0,9,9.04127646974148,2.676459029316902,23.561667010653764,187.8954248366013,23.540420291733074,0.0,9,11,11,12,13,14,17,17,24,24,24
