Type,Name,Request Count,Failure Count,Median Response Time,Average Response Time,Min Response Time,Max Response Time,Average Content Size,Requests/s,Failures/s,50%,66%,75%,80%,90%,95%,98%,99%,99.9%,99.99%,100%
GET,/[short_code],2287,0,9,12.809201860397232,1.7022080137394369,74.97391599463299,233.0,237.6146627709815,0.0,9,17,18,20,28,34,40,49,74,75,75
POST,/api/urls,899,0,15,16.640758018532004,2.6123750139959157,82.64820900512859,117.0,93.40427714521749,0.0,15,19,23,26,35,41,50,60,83,83,83
GET,/api/urls/[short_code],445,0,9,12.80271823967943,1.8297090427950025,49.55995798809454,132.02247191011236,46.23459769702089,0.0,9,16,18,20,28,35,39,40,50,50,50
GET,/health,215,0,11,13.147103510591267,1.2602920178323984,69.734042044729,26.0,22.338064055864027,0.0,11,16,19,20,29,38,44,49,70,70,70
,Aggregated,3846,0,11,13.722964894649822,1.2602920178323984,82.64820900512859,182.62974518980758,399.5916016690839,0.0,11,17,19,21,30,36,42,51,74,83,83
