Type,Name,Request Count,Failure Count,Median Response Time,Average Response Time,Min Response Time,Max Response Time,Average Content Size,Requests/s,Failures/s,50%,66%,75%,80%,90%,95%,98%,99%,99.9%,99.99%,100%
GET,/[short_code],1777,0,3,3.2178589423448076,1.6390420496463776,29.901208996307105,233.0,278.3677111782668,0.0,3,3,4,4,4,5,8,9,23,30,30
POST,/api/urls,552,0,4,4.444663196488324,2.398582990281284,25.623624969739467,117.0,86.47100538570808,0.0,4,4,5,5,7,8,10,12,26,26,26
GET,/api/urls/[short_code],335,0,3,3.4565861830348843,1.7538749962113798,23.60708301421255,132.0328358208955,52.47787464531197,0.0,3,3,4,4,5,6,8,11,24,24,24
GET,/health,163,0,2,2.297202461224872,1.1862079845741391,7.17562495265156,26.0,25.534010648315974,0.0,2,3,3,3,3,4,4,5,7,7,7
,Aggregated,2827,0,3,3.432610469580693,1.1862079845741391,29.901208996307105,186.44994694021932,442.8506018576028,0.0,3,3,4,4,5,6,8,10,24,30,30
