Type,Name,Request Count,Failure Count,Median Response Time,Average Response Time,Min Response Time,Max Response Time,Average Content Size,Requests/s,Failures/s,50%,66%,75%,80%,90%,95%,98%,99%,99.9%,99.99%,100%
GET,/[short_code],981,0,3,4.24197886005532,1.4303339994512498,32.096916052978486,233.0,105.46767297008398,0.0,3,4,4,5,8,11,15,21,32,32,32
POST,/api/urls,404,0,5,8.610044853700703,2.4884999729692936,36.76270798314363,117.0,43.43418948003459,0.0,5,8,11,15,20,24,29,32,37,37,37
GET,/api/urls/[short_code],205,0,4,4.648919312408331,1.9704169826582074,32.25820901570842,132.01463414634145,22.03962585001755,0.0,4,4,5,5,8,11,17,21,32,32,32
GET,/health,99,0,3,3.7060538177481956,1.1678329901769757,28.978124959394336,26.0,10.643526630008475,0.0,3,4,4,4,7,10,11,29,29,29,29
,Aggregated,1689,0,4,5.304776299354725,1.1678329901769757,36.76270798314363,180.86323268206039,181.5850149301446,0.0,4,4,5,6,11,17,23,28,36,37,37
