Type,Name,Request Count,Failure Count,Median Response Time,Average Response Time,Min Response Time,Max Response Time,Average Content Size,Requests/s,Failures/s,50%,66%,75%,80%,90%,95%,98%,99%,99.9%,99.99%,100%
GET,/[short_code],483,0,8,7.88129133188723,2.2435830323956907,41.77050001453608,233.0,14.925007161001716,0.0,8,9,10,10,12,13,16,19,42,42,42
POST,/api/urls,141,0,12,11.331728707870191,3.2556660007685423,32.87870803615078,117.0,4.356989668118513,0.0,12,13,14,14,16,19,22,23,33,33,33
GET,/api/urls/[short_code],102,0,11,10.072460007744239,3.071291954256594,24.64737498667091,132.05882352941177,3.151864866298499,0.0,11,12,12,13,13,14,22,22,25,25,25
GET,/health,50,0,6,5.768074222141877,1.7233749967999756,11.094541987404227,26.0,1.5450317972051464,0.0,6,7,7,8,8,9,11,11,11,11,11
,Aggregated,776,0,8,8.660092903361127,1.7233749967999756,41.77050001453608,185.31701030927834,23.978893492623875,0.0,8,10,11,12,14,15,19,22,42,42,42
