Type,Name,Request Count,Failure Count,Median Response Time,Average Response Time,Min Response Time,Max Response Time,Average Content Size,Requests/s,Failures/s,50%,66%,75%,80%,90%,95%,98%,99%,99.9%,99.99%,100%
GET,/[short_code],2386,0,10,16.948274154740457,1.4333329745568335,93.84649997809902,233.0,244.50346802666198,0.0,10,22,29,33,39,44,50,54,66,94,94
POST,/api/urls,887,0,18,21.339864590351723,2.3847080301493406,96.45154204918072,117.0,90.8946253728622,0.0,18,28,34,35,40,47,58,85,96,96,96
GET,/api/urls/[short_code],487,0,12,17.610264394395973,1.918792026117444,59.44325000746176,132.00821355236138,49.90494087551735,0.0,12,23,29,35,40,45,51,53,59,59,59
GET,/health,234,0,10,16.891920406512646,1.2792919878847897,58.74779197620228,26.0,23.978965430946733,0.0,11,23,31,34,41,44,51,52,59,59,59
,Aggregated,3994,0,12,18.0009890235472,1.2792919878847897,96.45154204918072,182.79644466700051,409.28199970598826,0.0,12,24,31,34,40,45,51,56,94,96,96
