Type,Name,Request Count,Failure Count,Median Response Time,Average Response Time,Min Response Time,Max Response Time,Average Content Size,Requests/s,Failures/s,50%,66%,75%,80%,90%,95%,98%,99%,99.9%,99.99%,100%
GET,/[short_code],1984,0,3,3.168352581298912,1.401207991875708,19.5992499939166,233.0,278.9132366072027,0.0,3,3,4,4,5,6,8,10,16,20,20
POST,/api/urls,654,0,4,4.6301360270727585,2.299999992828816,34.869917028117925,117.0,91.94014956709202,0.0,4,5,5,5,6,8,13,18,35,35,35
GET,/api/urls/[short_code],363,0,3,3.5189411238274606,1.8808749737218022,17.595000041183084,132.03305785123968,51.03100044778961,0.0,3,4,4,4,5,5,7,11,18,18,18
GET,/health,179,0,2,2.647261658823898,1.1896250071004033,13.447250006720424,26.0,25.164047052766776,0.0,2,3,3,3,4,6,9,11,13,13,13
,Aggregated,3180,0,3,3.479671681723733,1.1896250071004033,34.869917028117925,185.96603773584906,447.04843367485114,0.0,3,4,4,4,5,6,9,12,22,35,35
